OSEBuildingID,DataYear,BuildingType,PrimaryPropertyType,PropertyName,Address,City,State,ZipCode,TaxParcelIdentificationNumber,CouncilDistrictCode,Neighborhood,Latitude,Longitude,YearBuilt,NumberofBuildings,NumberofFloors,PropertyGFATotal,PropertyGFAParking,PropertyGFABuilding(s),ListOfAllPropertyUseTypes,LargestPropertyUseType,LargestPropertyUseTypeGFA,SecondLargestPropertyUseType,SecondLargestPropertyUseTypeGFA,ThirdLargestPropertyUseType,ThirdLargestPropertyUseTypeGFA,YearsENERGYSTARCertified,ENERGYSTARScore,SiteEUI(kBtu/sf),SiteEUIWN(kBtu/sf),SourceEUI(kBtu/sf),SourceEUIWN(kBtu/sf),SiteEnergyUse(kBtu),SiteEnergyUseWN(kBtu),SteamUse(kBtu),Electricity(kWh),Electricity(kBtu),NaturalGas(therms),NaturalGas(kBtu),DefaultData,Comments,ComplianceStatus,Outlier,TotalGHGEmissions,GHGEmissionsIntensity,Energy_per_sf,Outlier_High_Surface,Outlier_High_Energy,Outlier_High_Intensity
20885,2016,NonResidential,Senior Care Community,Ballard Center,820 NW 95th Street,Seattle,WA,98117.0,1865400030,6,BALLARD,47.69875,-122.36725,1966,1.0,2,34636,31000,3636,"Parking, Senior Care Community",Senior Care Community,36000.0,Parking,0.0,,,,3.0,337.5,355.7000122,561.0999756,587.9000244,12148720.0,12805711.0,0.0,1043779.313,3561375.0,85873.4375,8587344.0,False,,Compliant,,480.9,13.88,3340.313445147099,False,False,True
43,2016,Campus,Mixed Use Property,Plant 2 Site,7755 E MARGINAL WAY S,Seattle,WA,98108.0,0022000005,2,GREATER DUWAMISH,47.53493,-122.31788,1992,1.0,3,494835,0,494835,"Energy/Power Station, Laboratory, Manufacturing/Industrial Plant, Non-Refrigerated Warehouse, Office",Office,757027.0,Laboratory,639931.0,Non-Refrigerated Warehouse,459748.0,,8.0,221.6999969,233.1000061,388.2000122,400.2999878,448385312.0,471613856.0,0.0,44102076.0,150476283.0,2979090.0,297909000.0,False,,Compliant,,16870.98,34.09,906.1291256092928,True,True,True
365,2016,NonResidential,Other,UW Tower Data Center,4333 BROOKLYN AVE NE,Seattle,WA,98185.0,1142000290,4,NORTHEAST,47.6606,-122.31512,1969,1.0,5,36000,0,36000,Data Center,Data Center,36000.0,,,,,2016201520142013,96.0,834.4000244,834.4000244,2620.0,2620.0,30038490.0,30038490.0,0.0,8803777.0,30038487.0,0.0,0.0,False,,Compliant,,209.41,5.82,834.379322796589,False,True,True
25452,2016,NonResidential,Mixed Use Property,Chandler's Cove - SEDO,901 Fairview Ave. N.,Seattle,WA,98109.0,4088803045,3,LAKE UNION,47.62774,-122.33384,1988,1.0,2,34639,15402,19237,"Other, Parking, Restaurant",Restaurant,23373.0,Other,19659.0,Parking,15402.0,,,359.7000122,370.8999939,700.2999878,712.0999756,15480681.0,15960838.0,0.0,1946759.75,6642344.0,88383.35938,8838336.0,False,,Compliant,,515.71,14.89,804.692847489344,False,False,True
49780,2016,NonResidential,Other,2020 Fifth Avenue Dat Center,2020 Fifth Avenue,Seattle,WA,98121.0,0659000905,7,DOWNTOWN,47.61449,-122.33956,1975,1.0,7,90679,35120,55559,"Data Center, Parking",Data Center,60000.0,Parking,30700.0,,,,100.0,694.7000122,694.7000122,2181.300049,2181.300049,41680640.0,41680640.0,0.0,12215895.0,41680634.0,0.0,0.0,False,,Compliant,,290.57,3.2,750.1915046796256,False,True,True
440,2016,NonResidential,Mixed Use Property,Fisher Plaza - West Building,100 4th Ave N,Seattle,WA,98109.0,1991200170,7,LAKE UNION,47.61915,-122.34857,2001,1.0,6,213834,104922,108912,"Data Center, Financial Office, Office, Other, Parking, Restaurant",Parking,104922.0,Data Center,54385.0,Office,37721.0,,100.0,707.2999878,707.2999878,2217.800049,2217.800049,75073888.0,75073888.0,0.0,21957020.0,74917352.0,1565.25,156525.0,False,,Compliant,,530.59,2.48,689.3014424357056,False,True,True
19900,2016,NonResidential,Laboratory,3000/3018 Western,3018 Western Ave.,Seattle,WA,98121.0,0695000090,7,DOWNTOWN,47.61763,-122.35507,1926,0.0,4,49249,0,49249,"Laboratory, Office",Laboratory,40584.0,Office,7165.0,,,,,696.7000122,693.0999756,1206.699951,1195.099976,33268410.0,33092532.0,0.0,3181345.0,10854749.0,224136.6094,22413661.0,False,,Compliant,,1266.06,25.71,675.5007106598985,False,True,True
753,2016,NonResidential,Other,WestinBuilding,2001 6th Ave,Seattle,WA,98121.0,0659000950,7,DOWNTOWN,47.61438,-122.33871,1981,1.0,33,429405,0,429405,"Data Center, Office",Data Center,218997.0,Office,210409.0,,,,98.0,639.7000122,639.7999878,2007.900024,2008.0,274682208.0,274725984.0,0.0,80460872.0,274532495.0,1496.720215,149672.0,False,,Compliant,,1921.82,4.48,639.6794828204543,True,True,True
49709,2016,NonResidential,Other,"Seattle ProCure Management, LLC.",1570 North 115th Street,Seattle,WA,98013.0,3026049128,5,NORTHWEST,47.71286,-122.33635,2012,1.0,2,53575,0,53575,Urgent Care/Clinic/Other Outpatient,Urgent Care/Clinic/Other Outpatient,53575.0,,,,,,,593.5999756,593.5999756,1527.300049,1527.300049,31803568.0,31803568.0,0.0,6791757.5,23173477.0,86300.89063,8630089.0,False,,Compliant,,619.9,11.57,593.6159474391519,False,True,True
21435,2016,NonResidential,Other,space needle,400 broard street,Seattle,WA,98109.0,1985200495,7,MAGNOLIA / QUEEN ANNE,47.62049,-122.3493,1961,1.0,2,33971,0,33971,Other - Recreation,Other - Recreation,50000.0,,,,,,,353.7000122,363.2999878,747.7000122,757.9000244,17686444.0,18163924.0,0.0,2638550.75,9002735.0,86837.08594,8683709.0,False,,Compliant,,523.95,15.42,520.618273872601,False,False,True
23503,2016,NonResidential,Restaurant,Salty's Waterfront Seafood Grill,1936 Harbor Ave SW,Seattle,WA,98126.0,7666706590,1,SOUTHWEST,47.58654,-122.37644,1902,1.0,2,20398,0,20398,"Office, Restaurant",Restaurant,19232.0,Office,1166.0,,,,,456.6000061,468.7000122,835.7999878,848.0,9313513.0,9560583.0,0.0,1019505.813,3478554.0,58349.59375,5834959.0,False,,Compliant,,334.15,16.38,456.5671356439041,False,False,True
803,2016,NonResidential,Small- and Mid-Sized Office,200 SW Michigan,200 SW Michigan,Seattle,WA,98106.0,5367202506,1,Delridge,47.54103,-122.33766,1929,1.0,3,85126,0,85126,Office,Office,81526.0,,,,,,1.0,465.5,467.0,725.5999756,727.2000122,37951708.0,38074932.0,0.0,5454295.0,18610055.0,6851.318359,685132.0,False,,Compliant,,166.13,1.95,445.8245679984024,False,True,True
50224,2016,Nonresidential COS,Other,Queen Anne Pool,1920 1st Ave W,Seattle,WA,,1794501150,7,MAGNOLIA / QUEEN ANNE,47.63644,-122.35784,1974,1.0,1,13157,0,13157,"Fitness Center/Health Club/Gym, Other - Recreation, Swimming Pool",Other - Recreation,7583.0,Fitness Center/Health Club/Gym,5574.0,Swimming Pool,0.0,,,438.2000122,460.1000061,744.7999878,767.7999878,5765898.0,6053764.5,0.0,525251.6875,1792158.758,39737.39063,3973739.063,False,,Compliant,,223.54,16.99,438.2047423620611,False,False,True
49940,2016,NonResidential,Hospital,Virginia Mason Medical Center - 2149,925 Seneca St.,Seattle,WA,98101.0,1979200210,3,EAST,47.60986,-122.32774,1920,1.0,8,374466,0,374466,Hospital (General Medical & Surgical),Hospital (General Medical & Surgical),1010135.0,,,,,,74.0,162.3000031,165.5,367.8999939,369.3999939,163945984.0,167207104.0,73885472.0,26395222.0,90060497.0,0.0,0.0,False,,Compliant,,6330.91,16.91,437.81156684033573,True,True,True
28029,2016,NonResidential,Refrigerated Warehouse,Plymouth Poultry,4500 7th Ave S,Seattle,WA,98108.0,7376600690,2,GREATER DUWAMISH,47.56268,-122.32364,1970,1.0,1,22890,0,22890,"Office, Refrigerated Warehouse",Refrigerated Warehouse,43452.0,Office,2890.0,,,,,215.8999939,212.3999939,629.0999756,615.0,10005787.0,9844836.0,0.0,2614893.0,8922015.0,10837.70996,1083771.0,False,,Compliant,,119.76,5.23,437.1057184046132,False,False,True
26986,2016,NonResidential,Supermarket / Grocery Store,Admiral,2320 42nd Ave SW,Seattle,WA,98116.0,6087100195,1,SOUTHWEST,47.58217,-122.38479,1997,1.0,1,31841,0,31841,"Office, Supermarket/Grocery Store",Supermarket/Grocery Store,30899.0,Office,942.0,,,,,412.7000122,426.6000061,851.0999756,865.7999878,13140574.0,13584036.0,0.0,1865567.25,6365315.0,67752.58594,6775259.0,False,,Compliant,,404.21,12.69,412.68054770428995,False,False,True
24493,2016,NonResidential,Supermarket / Grocery Store,Metropolitan Market,5250 40th Ave NE,Seattle,WA,98105.0,7974700270,4,NORTHEAST,47.66824,-122.28394,1973,1.0,1,24377,0,24377,Supermarket/Grocery Store,Supermarket/Grocery Store,24377.0,,,,,,6.0,404.1000061,415.7000122,912.7999878,919.2999878,9851260.0,10133933.0,0.0,1669868.875,5697593.0,41536.66797,4153667.0,False,,Compliant,,260.32,10.68,404.1045204692756,False,False,True
50208,2016,Nonresidential COS,Other,Ballard Pool,1471 NW 67th St,Seattle,WA,,3050700005,6,BALLARD,47.67734,-122.37624,1972,1.0,1,12769,0,12769,"Fitness Center/Health Club/Gym, Office, Other - Recreation, Swimming Pool",Other - Recreation,10912.0,Fitness Center/Health Club/Gym,1670.0,Office,187.0,,,400.7999878,420.6000061,618.0999756,638.9000244,5117308.5,5370263.5,0.0,353216.0938,1205173.312,39121.35156,3912135.156,False,,Compliant,,216.18,16.93,400.7289350039154,False,False,True
49865,2016,NonResidential,Other,SOUTH,2623 NE 46th St,Seattle,WA,98105.0,0925049427,4,NORTHEAST,47.66246,-122.29898,2013,1.0,6,305025,239252,65773,"Lifestyle Center, Medical Office",Lifestyle Center,318986.0,Medical Office,19909.0,,,,,76.59999847,78.30000305,156.5,159.0,25959642.0,26532170.0,0.0,3614135.75,12331431.0,136282.0938,13628209.0,False,,Compliant,,809.76,2.65,394.6793869918205,False,True,True
466,2016,NonResidential,Other,VM Seattle Hospital & Medical Center - Buck Pavilion,1100 9th Avenue,Seattle,WA,98101.0,1979200225,3,EAST,47.60953,-122.32793,1975,1.0,8,158738,0,158738,Urgent Care/Clinic/Other Outpatient,Urgent Care/Clinic/Other Outpatient,158738.0,,,,,,,389.1000061,385.6000061,1026.599976,1001.0,61762380.0,61214744.0,5650343.5,13636758.0,46528618.0,95718.15625,9571816.0,False,,Compliant,,1268.87,7.99,389.0813221703551,False,True,True
743,2016,NonResidential,Laboratory,Dendreon Pharmaceuticals Inc. (Building Owner is Alexandria Real Estate),1208 Eastlake Avenue East,Seattle,WA,98102.0,2163901160,3,LAKE UNION,47.63079,-122.32693,1999,1.0,4,115748,18382,97366,Laboratory,Laboratory,97365.0,,,,,,,374.2000122,369.1000061,756.0,739.9000244,36436388.0,35938164.0,0.0,4956971.0,16913185.0,195232.0156,19523202.0,False,,Compliant,,1154.79,9.98,374.21701397804185,False,True,True
637,2016,NonResidential,Mixed Use Property,Stadium Innovation Center,1531 Utah Ave S,Seattle,WA,98134.0,7666207045,2,GREATER DUWAMISH,47.58924,-122.33566,2009,1.0,6,286000,111774,174226,"Distribution Center, Office, Other, Other - Recreation, Parking",Parking,111774.0,Office,108747.0,Other,49271.0,,,366.3999939,362.6000061,1150.300049,1138.400024,63835192.0,63172816.0,0.0,18705198.0,63822136.0,130.5299988,13053.0,False,,Compliant,,445.62,1.56,366.3909267794314,False,True,True
27378,2016,NonResidential,Supermarket / Grocery Store,Safeway 1550 - Roosevelt Way,7300 Roosevelt Way NE,Seattle,WA,98115.0,6716700415,4,NORTHEAST,47.68217,-122.31675,1997,1.0,1,76585,38585,38000,"Parking, Supermarket/Grocery Store",Supermarket/Grocery Store,41447.0,Parking,0.0,,,,18.0,335.5,346.7000122,761.2999878,773.0999756,13906080.0,14368231.0,0.0,2377499.5,8112028.0,57940.50391,5794050.0,False,,Compliant,,364.27,4.76,365.939843688324,False,False,True
20565,2016,NonResidential,Supermarket / Grocery Store,Safeway 0368 - Queen Anne,2100 Queen Anne Ave N,Seattle,WA,98109.0,1794500895,7,MAGNOLIA / QUEEN ANNE,47.63776,-122.35606,1962,1.0,1,25159,0,25159,"Parking, Supermarket/Grocery Store",Supermarket/Grocery Store,25883.0,Parking,0.0,,,,38.0,344.1000061,350.5,755.2000122,762.0,8905287.0,9072714.0,0.0,1429919.75,4878886.0,40264.00391,4026400.0,False,,Compliant,,247.85,9.85,353.9462241653418,False,False,True
21549,2016,NonResidential,Laboratory,410 W. Harrison,410 W. Harrison St.,Seattle,WA,98119.0,1992200045,7,MAGNOLIA / QUEEN ANNE,47.6224,-122.36248,1962,1.0,2,34416,0,34416,"Laboratory, Office, Parking",Laboratory,20649.0,Office,13767.0,Parking,2000.0,,,349.1000061,363.6000061,650.5,657.2000122,12015936.0,12512916.0,0.0,1370281.25,4675400.0,73405.35156,7340535.0,False,,Compliant,,422.45,12.27,349.127930964349,False,False,True
525,2016,NonResidential,Mixed Use Property,Seattle Art Museum,1300 1st Avenue,Seattle,WA,98101.0,1974700010,7,DOWNTOWN,47.6074,-122.33777,1991,1.0,6,154660,0,154660,"Data Center, Library, Non-Refrigerated Warehouse, Office, Other - Entertainment/Public Assembly, Other - Recreation, Other - Services, Restaurant, Social/Meeting Hall",Other - Entertainment/Public Assembly,119815.0,Other - Recreation,63101.0,Social/Meeting Hall,26380.0,,,209.3000031,212.3999939,519.0,522.7000122,52960796.0,53734196.0,17548416.0,10239394.0,34936812.0,4755.599609,475560.0,False,,Compliant,,1623.34,10.5,342.4314856363272,False,True,True
588,2016,NonResidential,Mixed Use Property,1616 Eastlake,1616 Eastlake Ave. E,Seattle,WA,98102.0,3383900230,4,LAKE UNION,47.63451,-122.32505,2002,0.0,5,251827,113318,138509,"Laboratory, Office, Parking",Parking,113318.0,Laboratory,84000.0,Office,84000.0,,,280.3999939,284.7000122,657.0999756,661.7000122,47102428.0,47837524.0,0.0,8544799.0,29154854.0,179475.7188,17947572.0,False,,Compliant,,1156.45,4.59,340.06517940942894,False,True,True
22479,2016,NonResidential,Supermarket / Grocery Store,70500811 -- Interbay,1600 West Dravus,Seattle,WA,98119.0,2770602660,7,MAGNOLIA / QUEEN ANNE,47.64909,-122.37788,1961,1.0,1,25842,0,25842,Supermarket/Grocery Store,Supermarket/Grocery Store,25987.0,,,,,,35.0,327.7999878,336.6000061,718.7000122,727.9000244,8518313.0,8746499.0,0.0,1364887.75,4656997.0,38613.15625,3861316.0,False,,Compliant,,237.54,9.19,329.61780753008554,False,False,True
24857,2016,NonResidential,Retail Store,(ID24857) EMPIRE CENTER,6032 M L KING JR WAY S,Seattle,WA,98118.0,8113100170,2,SOUTHEAST,47.54723,-122.28455,1966,1.0,1,37883,0,37883,"Retail Store, Supermarket/Grocery Store",Retail Store,28734.0,Supermarket/Grocery Store,24813.0,,,,88.0,232.1999969,240.3000031,453.0,461.6000061,12434593.0,12869714.0,0.0,1570918.75,5359975.0,70746.17188,7074617.0,False,,Compliant,,413.1,10.9,328.2280910146764,False,False,True
25914,2016,NonResidential,Supermarket / Grocery Store,Safeway 1551 - E John St,1410 E John St,Seattle,WA,98112.0,6003501820,3,EAST,47.62048,-122.31386,1998,1.0,1,44739,0,44739,"Parking, Supermarket/Grocery Store",Supermarket/Grocery Store,44739.0,Parking,0.0,,,,17.0,326.0,335.3999939,728.7000122,738.5999756,14585813.0,15006878.0,0.0,2423889.75,8270312.0,63155.0,6315500.0,False,,Compliant,,393.07,8.79,326.0128073312472,False,False,True
21921,2016,NonResidential,Supermarket / Grocery Store,Safeway 0488 - 45th St,3020 NE 45th St,Seattle,WA,98105.0,2437200030,4,NORTHEAST,47.66205,-122.29545,1975,1.0,1,33005,0,33005,"Parking, Supermarket/Grocery Store",Supermarket/Grocery Store,34982.0,Parking,0.0,,,,21.0,304.2000122,309.3999939,759.2000122,760.2999878,10642754.0,10821972.0,0.0,2156999.75,7359683.0,32830.69922,3283070.0,False,,Compliant,,225.67,6.84,322.4490698660849,False,False,True
19654,2016,NonResidential,Laboratory,1100 Olive Lab,1100 Olive Way,Seattle,WA,98101.0,0660002030,7,DOWNTOWN,47.61597,-122.33086,1946,1.0,2,44588,22000,22588,Laboratory,Laboratory,69000.0,,,,,,,105.0999985,105.0999985,330.0,330.0,7251589.0,7251589.0,0.0,2125318.75,7251588.0,0.0,0.0,False,,Compliant,,50.55,1.13,321.0230200540086,False,False,True
26473,2016,NonResidential,Supermarket / Grocery Store,70500869 -- Wallingford,1801 North 45th Street,Seattle,WA,98103.0,4083802815,4,LAKE UNION,47.66185,-122.33594,1957,1.0,1,28808,0,28808,Supermarket/Grocery Store,Supermarket/Grocery Store,31174.0,,,,,,29.0,296.2000122,303.2000122,694.0,697.5,9232576.0,9450746.0,0.0,1674540.0,5713530.0,35190.44922,3519045.0,False,,Compliant,,226.73,7.87,320.4754069908709,False,False,True
22230,2016,NonResidential,Supermarket / Grocery Store,BALLARD MARKET (ID22230),1400 NW 56th St,Seattle,WA,98107.0,2768100235,6,BALLARD,47.66986,-122.37418,1966,1.0,1,29214,0,29214,Supermarket/Grocery Store,Supermarket/Grocery Store,29214.0,,,,,,8.0,319.6000061,327.2000122,781.0999756,782.7999878,9336239.0,9558542.0,0.0,1825111.625,6227281.0,31089.57813,3108958.0,False,,Compliant,,208.53,7.14,319.5700496320383,False,False,True
25955,2016,NonResidential,Other,Seattle Tennis Club,922 McGilvra Blvd E,Seattle,WA,98112.0,5317100844,3,EAST,47.62816,-122.28067,1928,1.0,3,71280,0,71280,Other - Recreation,Other - Recreation,71280.0,,,,,,,319.3999939,325.5,556.0999756,557.2999878,22767828.0,23204450.0,0.0,2206473.0,7528486.0,152393.4063,15239341.0,False,,Compliant,,861.85,12.09,319.4094920104937,False,False,True
21364,2016,NonResidential,Other,Pacific Northwest Research,720 Broadway,Seattle,WA,98122.0,1978201421,3,EAST,47.60865694,-122.3205368,1988,1.0,5,45780,11400,34380,"Other - Education, Parking",Other - Education,45780.0,Parking,4500.0,,,,,236.6999969,252.1000061,509.0,527.5999756,10834087.0,11542708.0,5473370.5,1554939.625,5305454.0,552.6221924,55262.0,False,,Compliant,,462.4,10.1,315.11843750908935,False,False,True
704,2016,NonResidential,Large Office,401 Elliott Ave West,401 Elliot Ave West,Seattle,WA,98119.0,7666202110,7,MAGNOLIA / QUEEN ANNE,47.62235,-122.36378,2000,1.0,4,129551,42500,87051,"Data Center, Office, Parking",Office,82273.0,Parking,42500.0,Data Center,4778.0,,1.0,311.7000122,311.7000122,978.9000244,978.9000244,27137190.0,27137190.0,0.0,7953454.5,27137187.0,0.0,0.0,False,,Non-Compliant,High outlier,189.18,1.46,311.7353995313146,False,True,True
20325,2016,Campus,K-12 School,University Prep Academy,8000 25th Ave NE,Seattle,WA,98115.0,1513800010,4,NORTHEAST,47.687,-122.30013,1989,5.0,3,21500,0,21500,K-12 School,K-12 School,96154.0,,,,,,44.0,69.59999847,73.90000153,144.8999939,149.5,6689184.0,7109712.5,0.0,969429.1875,3307692.0,33814.91016,3381491.0,False,,Compliant,,202.65,9.43,311.1103669596763,False,False,True
24994,2016,NonResidential,Other,Ding How Shopping Center,1207 S Jackson St,Seattle,WA,98144.0,8170100120,3,DOWNTOWN,47.59886,-122.31678,1991,1.0,2,47963,21384,26579,"Other - Mall, Parking",Other - Mall,29640.0,Parking,6000.0,,,,,275.3999939,277.5,495.0,501.3999939,8163413.0,8224244.0,0.0,855325.625,2918371.0,52450.41797,5245042.0,False,,Compliant,,298.91,6.23,307.12614747930775,False,False,True
22240,2016,NonResidential,Supermarket / Grocery Store,Safeway 1477 - Market St,1423 NW Market St,Seattle,WA,98107.0,2768300240,6,BALLARD,47.66828,-122.37428,2000,1.0,1,89103,43035,46068,"Parking, Supermarket/Grocery Store",Supermarket/Grocery Store,47034.0,Parking,0.0,,,,34.0,298.2999878,307.7000122,660.2000122,665.5999756,14029480.0,14473242.0,0.0,2288399.75,7808020.0,62214.59375,6221459.0,False,,Compliant,,384.85,4.32,304.5318978054657,False,False,True
23310,2016,NonResidential,Other,Charles & Emma Frye Free Public Art Museum,704 Terry Ave,Seattle,WA,98104.0,8590900585,3,EAST,47.60709,-122.32416,1951,1.0,1,47699,0,47699,"Museum, Parking",Museum,47000.0,Parking,0.0,,,,,309.0,313.7000122,609.7000122,615.4000244,14524386.0,14745217.0,8630381.0,1694799.0,5782654.0,1113.5,111350.0,False,,Compliant,,712.39,14.94,304.494465408805,False,False,True
45927,2016,NonResidential,Laboratory,Reasearch and Training Building,300 Ninth Avenue,Seattle,WA,98104.0,8590900220,3,EAST,47.60427,-122.32311,2000,1.0,8,178000,0,178000,Laboratory,Laboratory,181930.0,,,,,,,292.2000122,302.7000122,587.2000122,594.4000244,53166156.0,55068016.0,31030194.0,6487678.5,22135959.0,0.0,0.0,False,,Compliant,,2549.47,14.32,298.6845916595974,False,True,True
24646,2016,Nonresidential COS,Other,Southwest Teen Life Center and Pool,2801 Thistle St,Seattle,WA,98106.0,3624039172,1,DELRIDGE,47.52801,-122.36918,1975,0.0,2,27227,0,27227,"Fitness Center/Health Club/Gym, Office, Other - Recreation, Other - Technology/Science, Pre-school/Daycare, Swimming Pool",Other - Recreation,29064.0,Fitness Center/Health Club/Gym,8508.0,Pre-school/Daycare,715.0,,,204.8000031,217.5,377.2999878,390.7000122,8054334.0,8556389.0,0.0,894881.8125,3053337.0,50009.96875,5000997.0,False,,Compliant,,286.89,10.54,295.81070956368444,False,False,True
22142,2016,NonResidential,Supermarket / Grocery Store,Safeway 0219 - Othello St,3900 S Othello St,Seattle,WA,98118.0,2724049127,2,GREATER DUWAMISH,47.53747,-122.28308,1953,1.0,1,26092,0,26092,"Parking, Supermarket/Grocery Store",Supermarket/Grocery Store,25946.0,Parking,0.0,,,,40.0,293.7000122,311.1000061,711.5,729.7999878,7619445.0,8071987.5,0.0,1466880.0,5004995.0,26144.5,2614450.0,False,,Compliant,,173.75,6.66,292.0110757674472,False,False,True
557,2016,NonResidential,Supermarket / Grocery Store,Safeway 1845 - Greenwood Ave,8704 Greenwood Ave N,Seattle,WA,98103.0,6431500015,5,NORTHWEST,47.69267,-122.35506,2003,1.0,1,58184,7450,50734,"Parking, Supermarket/Grocery Store",Supermarket/Grocery Store,51722.0,Parking,0.0,,,,41.0,284.5,291.5,620.2000122,627.5999756,14715262.0,15076756.0,0.0,2331899.75,7956442.0,67588.19531,6758820.0,False,,Compliant,,414.43,7.12,290.0416280674091,False,False,True
26529,2016,NonResidential,Supermarket / Grocery Store,Safeway 3091 - Brooklyn Ave,4732 Brooklyn Ave NE,Seattle,WA,98105.0,8816401015,4,NORTHEAST,47.66429,-122.31389,1950,1.0,1,26226,0,26226,"Parking, Supermarket/Grocery Store",Supermarket/Grocery Store,25828.0,Parking,0.0,,,,37.0,293.7999878,301.8999939,741.4000244,745.4000244,7588060.5,7798479.5,0.0,1567839.875,5349470.0,22385.90039,2238590.0,False,,Compliant,,156.18,5.96,289.3224730239829,False,False,True
198,2016,NonResidential,Hospital,Seattle Children's Hospital Main Campus,4800 Sand Point Way NE,Seattle,WA,98105.0,2982800005,4,NORTHEAST,47.66231,-122.28146,1953,6.0,10,879000,0,879000,Hospital (General Medical & Surgical),Hospital (General Medical & Surgical),879000.0,,,,,,10.0,288.7999878,293.2000122,578.2000122,576.5999756,253832464.0,257764208.0,0.0,33892500.0,115641210.0,1381912.375,138191238.0,False,,Compliant,,8145.52,9.27,288.77380571808226,True,True,True
480,2016,NonResidential,Mixed Use Property,307 Westlake - SEDO,307 Westlake Ave. N.,Seattle,WA,98109.0,1986200135,7,LAKE UNION,47.62121,-122.33885,2003,1.0,5,159700,50654,109046,"Office, Other, Parking, Retail Store",Other,72407.0,Parking,49314.0,Office,37406.0,,,270.3999939,275.1000061,650.5999756,655.5,31371618.0,31915486.0,0.0,5965944.5,20355803.0,110158.125,11015812.0,False,,Compliant,,726.96,4.55,287.68895980632203,False,True,True
60,2016,NonResidential,Mixed Use Property,Mann Building,1401 3rd Avenue,Seattle,WA,98101.0,1975700525,7,DOWNTOWN,47.60886,-122.33744,1926,1.0,2,52549,0,52549,"Office, Other - Entertainment/Public Assembly, Restaurant",Other - Entertainment/Public Assembly,23500.0,Restaurant,23500.0,Office,5459.0,,,286.3999939,299.0,485.2999878,495.5,15026196.0,15683742.0,0.0,1357696.125,4632459.0,103937.3672,10393737.0,False,,Compliant,,584.31,11.12,285.9409324452902,False,False,True
338,2016,NonResidential,Other,Jack R. McDonald Building,1900 9th Ave.,Seattle,WA,98101.0,0660001215,7,DOWNTOWN,47.61598,-122.33448,2004,1.0,11,299070,68432,230638,Other,Other,250000.0,,,,,,,261.2999878,264.0,530.7000122,532.2999878,65336980.0,66000296.0,0.0,8983483.0,30651644.0,346853.3125,34685331.0,False,,Compliant,,2055.82,6.87,283.28678150703047,False,True,True
350,2016,NonResidential,Large Office,Second And Spring Building,1100 Second Avenue,Seattle,WA,98101.0,0942000045,7,DOWNTOWN,47.60642,-122.33581,1958,1.0,6,172842,25920,146922,"Data Center, Office, Parking",Office,99890.0,Data Center,39336.0,Parking,25000.0,,,297.3999939,299.2000122,909.5999756,911.5,41399504.0,41650404.0,0.0,11663150.0,39794668.0,16048.30957,1604831.0,False,,Non-Compliant,High outlier,362.66,2.1,281.7768763229719,False,True,True
22801,2016,Nonresidential COS,Other,Meadowbrook Community Center/Pool,10700 30th Ave NE,Seattle,WA,98125.0,2826049024,5,NORTH,47.70544,-122.2918,1996,0.0,2,29258,0,29258,"Fitness Center/Health Club/Gym, Other - Recreation, Swimming Pool",Other - Recreation,31991.0,Fitness Center/Health Club/Gym,2648.0,Swimming Pool,0.0,,,233.5,247.3999939,402.5,417.2000122,8086943.5,8571176.0,0.0,764531.6875,2608582.0,54783.60547,5478361.0,False,,Compliant,,309.14,10.57,276.3916572678492,False,False,True
439,2016,NonResidential,Mixed Use Property,Fisher Plaza - East Building,140 4th Ave N,Seattle,WA,98109.0,1991200150,7,LAKE UNION,47.61915,-122.34857,2001,1.0,6,378443,177660,200783,"Data Center, Office, Parking, Performing Arts, Restaurant, Retail Store",Parking,164332.0,Office,108781.0,Data Center,54184.0,,100.0,283.7000122,283.7000122,874.0999756,874.0999756,55073120.0,55073120.0,0.0,15681864.0,53506520.0,15665.93945,1566594.0,False,,Compliant,,456.22,1.21,274.29038170372144,False,True,True
19584,2016,NonResidential,Other,Sand Point Country Club,8333 55th ave ne,Seattle,WA,98115.0,0325049004,4,NORTHEAST,47.68541,-122.27097,1928,1.0,3,39971,0,39971,"Office, Other, Retail Store, Swimming Pool",Other,36185.0,Retail Store,3142.0,Office,644.0,,,274.2000122,283.1000061,476.1000061,484.2000122,10960107.0,11316338.0,0.0,1054630.0,3598398.0,73617.08594,7361709.0,False,,Compliant,,416.07,10.41,274.1946112278595,False,False,True
1281,2016,NonResidential,Large Office,4545 Building 751,4545 15th Ave NE,Seattle,WA,98105.0,8816400020,4,NORTHEAST,47.66181,-122.31231,1960,1.0,3,113944,48510,65434,Office,Office,65434.0,,,,,,1.0,273.2999878,273.2000122,855.2000122,855.2000122,17880184.0,17877436.0,0.0,5214438.5,17791664.0,885.1599121,88516.0,False,,Compliant,,128.73,1.13,273.25107358447315,False,False,True
21482,2016,Campus,Restaurant,Corner Market,1501 1st Avenue,Seattle,WA,98101.0,1976200230,7,DOWNTOWN,47.60895,-122.34052,1912,1.0,2,25380,0,25380,"Food Sales, Office, Restaurant",Restaurant,17114.0,Food Sales,6426.0,Office,1840.0,,,271.8999939,270.6000061,549.2000122,545.2000122,6901554.0,6868711.5,0.0,938533.8125,3202277.0,36992.76563,3699277.0,False,,Compliant,,218.79,8.62,271.91812773334385,False,False,True
23098,2016,NonResidential,Supermarket / Grocery Store,Red Apple Market,2701 Beacon Ave S,Seattle,WA,98144.0,3086003145,2,GREATER DUWAMISH,47.57894,-122.31287,1965,1.0,1,21603,0,21603,Supermarket/Grocery Store,Supermarket/Grocery Store,21603.0,,,,,,16.0,270.0,274.3999939,660.9000244,658.7999878,5833800.0,5927199.5,0.0,1143041.5,3900058.0,19337.41992,1933742.0,False,,Compliant,,129.89,6.01,270.03332716163675,False,False,True
295,2016,NonResidential,Other,1122 3rd Ave,1122 3rd Ave,Seattle,WA,98101.0,2302700000,7,DOWNTOWN,47.60699,-122.33481,1955,1.0,15,230880,0,230880,Other,Other,203000.0,,,,,,,306.3999939,303.7999878,962.0999756,954.0,62197176.0,61674856.0,0.0,18228948.0,62197171.0,0.0,0.0,False,,Compliant,,433.6,1.88,269.39062114249333,False,True,True
24479,2016,NonResidential,Supermarket / Grocery Store,Safeway 0423 - 35th Ave,7340 35th Ave NE,Seattle,WA,98115.0,7974200020,4,NORTHEAST,47.68269,-122.28912,1965,1.0,1,32822,0,32822,"Parking, Supermarket/Grocery Store",Supermarket/Grocery Store,35042.0,Parking,0.0,,,,42.0,252.3000031,260.7000122,587.5,596.2999878,8839812.0,9134359.0,0.0,1585199.625,5408701.0,34311.10156,3431110.0,False,,Compliant,,219.93,6.7,269.3176126496664,False,False,True
23228,2016,NonResidential,Supermarket / Grocery Store,Safeway 1143 - 15th Ave,8332 15th Ave NW,Seattle,WA,98117.0,7589200051,6,BALLARD,47.6899,-122.37619,1994,1.0,1,45522,0,45522,"Parking, Supermarket/Grocery Store",Supermarket/Grocery Store,45522.0,Parking,0.0,,,,22.0,269.1000061,275.8999939,604.9000244,608.7999878,12250422.0,12559767.0,0.0,2057359.75,7019711.0,52307.09375,5230709.0,False,,Compliant,,326.74,7.18,269.104013355886,False,False,True
23854,2016,NonResidential,Restaurant,Pier 57,1301 Alaskan Way,Seattle,WA,98101.0,7666202435,7,DOWNTOWN,47.60613,-122.34115,1900,1.0,1,43728,0,43728,Restaurant,Restaurant,43728.0,,,,,,,263.2000122,271.1000061,276.2999878,284.6000061,11508035.0,11854450.0,0.0,0.0,0.0,115080.3516,11508035.0,False,,Compliant,,611.19,13.98,263.1671202177045,False,False,True
49687,2016,NonResidential,Supermarket / Grocery Store,Safeway 1885 - 1st Ave,516 1st Ave W,Seattle,WA,98119.0,8681450000,7,MAGNOLIA / QUEEN ANNE,47.6239,-122.35756,2003,1.0,4,33997,0,33997,"Parking, Supermarket/Grocery Store",Supermarket/Grocery Store,33997.0,Parking,30000.0,,,,23.0,262.6000061,267.2999878,781.2999878,796.0999756,8926736.0,9086338.0,0.0,2410499.75,8224625.0,7021.100098,702110.0,False,,Compliant,,94.63,2.78,262.5665039119948,False,False,True
470,2016,NonResidential,Laboratory,401 Terry (ID470),401 TERRY AVE N,Seattle,WA,98109.0,1983200200,7,LAKE UNION,47.62254,-122.33753,2003,1.0,4,241159,111793,129366,Laboratory,Laboratory,176171.0,,,,,,,191.3999939,197.1999969,442.7999878,449.0,33713876.0,34746128.0,0.0,5975651.5,20388923.0,133249.5156,13324952.0,False,,Compliant,,849.83,3.52,260.60646068935665,False,True,True
21443,2016,NonResidential,Small- and Mid-Sized Office,219 Terry Building,219 Terry Ave. N.,Seattle,WA,98109.0,1986200255,7,LAKE UNION,47.62038,-122.33759,1928,1.0,3,41466,6062,35404,"Laboratory, Office, Parking",Office,35404.0,Laboratory,5000.0,Parking,1250.0,,1.0,227.5,228.3999939,523.7000122,516.5,9190442.0,9228577.0,0.0,1613918.25,5506689.0,36837.52344,3683752.0,False,,Compliant,,234.03,5.64,259.5803417596385,False,False,True
27162,2016,NonResidential,Supermarket / Grocery Store,West Seattle Thriftway,4201 SW MORGAN ST,Seattle,WA,98136.0,5637500005,1,SOUTHWEST,47.54427,-122.38609,1998,1.0,1,33706,0,33706,Supermarket/Grocery Store,Supermarket/Grocery Store,31746.0,,,,,,22.0,273.7000122,283.2999878,651.2999878,661.4000244,8687690.0,8992072.0,0.0,1620309.625,5528496.0,31591.93555,3159194.0,False,,Compliant,,206.33,6.12,257.74141869641323,False,False,True
27821,2016,NonResidential,Supermarket / Grocery Store,70500866 -- Northgate,11100 Roosevelt Way NE,Seattle,WA,98125.0,5724500615,5,North,47.70941,-122.31707,1996,1.0,1,44755,0,44755,Supermarket/Grocery Store,Supermarket/Grocery Store,46978.0,,,,,,56.0,245.1999969,254.1999969,521.0,527.2999878,11521140.0,11943740.0,0.0,1736110.75,5923610.0,55975.28906,5597529.0,False,,Compliant,,338.58,7.57,257.4211278934668,False,False,True
50212,2016,Nonresidential COS,Other,Conservatory Campus,1400 E Galer St,Seattle,WA,,2925049087,3,EAST,47.63228,-122.31574,1912,1.0,1,23445,0,23445,Other - Recreation,Other - Recreation,23445.0,,,,,,,254.8999939,286.5,380.1000061,413.2000122,5976246.0,6716330.0,0.0,369539.8125,1260869.84,47153.75781,4715375.781,False,,Compliant,,259.22,11.06,254.8940544229293,False,False,True
276,2016,NonResidential,Hospital,Harborview Medical Center,325 9th Ave.,Seattle,WA,98104.0,8590900220,3,EAST,47.60399,-122.32377,2000,9.0,8,1158691,0,1158691,"Hospital (General Medical & Surgical), Parking",Hospital (General Medical & Surgical),1350182.0,Parking,387651.0,,,,29.0,217.1000061,219.6999969,502.8999939,502.7999878,293090784.0,296671744.0,122575032.0,49438336.0,168683602.0,18321.29102,1832129.0,False,,Compliant,,10734.57,9.26,252.94969154874636,True,True,True
49972,2016,NonResidential,University,Computer Science and Electrical Engineering,3785 E Stevens Way NE,Seattle,WA,98195.0,1625049001,4,NORTHEAST,47.65356,-122.30613,1998,1.0,6,203030,0,203030,College/University,College/University,203030.0,,,,,,,252.0,0.0,561.0,0.0,51168308.0,0.0,0.0,8386463.5,28614613.0,0.0,0.0,False,,Compliant,,199.48,0.98,252.02214440159383,False,True,True
48287,2016,NonResidential,Large Office,Central Link Operations and Maintenance Facility,3407 Airport Way South,Seattle,WA,98134.0,7666203110,2,GREATER DUWAMISH,47.5735,-122.32239,2005,1.0,4,162157,0,162157,"Office, Other - Services",Office,88698.0,Other - Services,72726.0,,,,,251.6000061,255.3999939,718.7999878,722.7000122,40613740.0,41225944.0,0.0,10290406.0,35110865.0,55028.67188,5502867.0,False,,Compliant,,537.03,3.31,250.45782508417716,False,True,True
27668,2016,NonResidential,Other,Bailey Boushay House,2720 East Madison,Seattle,WA,98112.0,5016001680,3,Central,47.62342,-122.29688,1991,1.0,3,34074,0,34074,Other/Specialty Hospital,Other/Specialty Hospital,34074.0,,,,,,,250.1000061,253.8999939,483.7000122,487.7000122,8521989.0,8652913.0,0.0,1056210.125,3603789.0,49182.0,4918200.0,False,,Compliant,,286.33,8.4,250.09505502567865,False,False,True
21445,2016,NonResidential,Large Office,202 Westlake,202 Westlake Ave. N.,Seattle,WA,98109.0,1986200275,7,LAKE UNION,47.62004,-122.33807,2013,1.0,6,130710,100800,29910,"Bank Branch, Office, Parking, Restaurant",Office,120548.0,Parking,88960.0,Bank Branch,5436.0,201720162015,92.0,56.79999924,56.79999924,166.3000031,166.3000031,7429423.0,7429423.0,0.0,1956935.25,6677063.0,7523.589844,752359.0,False,,Compliant,,86.51,0.66,248.3843067767711,False,False,True
477,2016,Campus,Other,Weintraub/Hutchinson/Thomas,1100 Fairview Ave N,Seattle,WA,98109.0,1984200455,3,LAKE UNION,47.62855,-122.33035,1997,1.0,5,535947,0,535947,"Other, Parking",Other,535947.0,Parking,103983.0,,,,,245.1000061,255.8000031,509.3999939,515.5999756,131373880.0,137106112.0,0.0,18941222.0,64627449.0,667464.25,66746425.0,False,,Compliant,,3995.45,7.45,245.1243031040325,True,True,True
45287,2016,Nonresidential COS,Other,Medgar Evers Pool,500 23 Ave E,Seattle,WA,98122.0,7544800245,3,CENTRAL,47.60668,-122.30242,1968,0.0,1,21400,0,21400,"Fitness Center/Health Club/Gym, Other - Recreation, Swimming Pool",Other - Recreation,11737.0,Fitness Center/Health Club/Gym,9003.0,Swimming Pool,0.0,,,249.3000031,261.7000122,515.2000122,528.2000122,5170809.5,5427452.5,0.0,736986.875,2514599.0,26562.09961,2656210.0,False,,Compliant,,158.6,7.41,241.6153217139386,False,False,True
268,2016,NonResidential,Hospital,Swedish Cherry Hill,500 17th Ave,Seattle,WA,98122.0,7942600331,3,CENTRAL,47.60705,-122.30966,1990,6.0,5,597519,0,597519,"Hospital (General Medical & Surgical), Parking",Hospital (General Medical & Surgical),601615.0,Parking,48607.0,,,,34.0,238.3999939,244.8000031,454.3999939,459.2000122,143423024.0,147299056.0,0.0,17220084.0,58754927.0,846680.9375,84668094.0,False,,Compliant,,4906.33,8.21,240.03049939750971,True,True,True
147,2016,NonResidential,Hospital,Swedish Ballard,5300 Tallman Ave NW,Seattle,WA,98107.0,2767703875,6,BALLARD,47.66737,-122.37956,1954,4.0,5,285333,0,285333,"Hospital (General Medical & Surgical), Parking",Hospital (General Medical & Surgical),302661.0,Parking,148865.0,,,,14.0,225.0,157.3000031,479.5,251.8000031,68090728.0,47602720.0,0.0,10327434.0,35237205.0,328535.125,32853512.0,False,,Compliant,,1990.5,6.98,238.6351714131509,False,True,True
487,2016,NonResidential,Laboratory,UW Medicine Research Phase I,850 Republican St.,Seattle,WA,98109.0,1988201480,7,LAKE UNION,47.62405,-122.34036,1963,1.0,4,102235,0,102235,Laboratory,Laboratory,103135.0,,,,,,,236.5,241.5,559.5,559.7000122,24395228.0,24903228.0,0.0,4500367.5,15355254.0,90399.71875,9039972.0,False,,Compliant,,587.16,5.74,238.6168081693337,False,True,True
23071,2016,NonResidential,Hospital,Main Hospital - All Wings,Facilities Management MS: B-120,Seattle,WA,98133.0,3026049130,5,NORTHWEST,47.71425,-122.33689,1966,8.0,1,415632,0,415632,"Hospital (General Medical & Surgical), Parking",Hospital (General Medical & Surgical),483520.0,Parking,266833.0,,,,85.0,204.6999969,207.5,400.2000122,402.1000061,98960776.0,100328264.0,0.0,12562766.0,42864158.0,560966.125,56096612.0,False,,Compliant,,3278.11,7.89,238.09653227727347,True,True,True
381,2016,NonResidential,Supermarket / Grocery Store,70500872 -- Holman Road,9999 Holman Road NW,Seattle,WA,98117.0,0767000060,6,NORTHWEST,47.7019,-122.36374,1956,1.0,1,60880,0,60880,Supermarket/Grocery Store,Supermarket/Grocery Store,61666.0,,,,,,54.0,231.8000031,239.0,518.7999878,523.5999756,14293972.0,14736775.0,0.0,2381365.25,8125218.0,61687.52734,6168753.0,False,,Compliant,,384.27,6.31,234.78543387920698,False,False,True
